ID,Prompt,R.Manual,SQL.Manual,Python.Manual,Category,Tables
1,"Return the highest average amount per transaction for the ""2021 Q1"" quarter.","lessQuarters %>% filter(quarter == ""2021 Q1"") %>% select(averageAmountPerTransaction) %>% max","lessQuarters %>% filter(quarter == ""2021 Q1"") %>% select(averageAmountPerTransaction) %>% max","lessQuarters %>% filter(quarter == ""2021 Q1"") %>% select(averageAmountPerTransaction) %>% max",lessQuarters,lessQuarters
1,What is the maximum average transaction amount for the 2021 Q1 quarter?,"lessQuarters %>% filter(quarter == ""2021 Q1"") %>% select(averageAmountPerTransaction) %>% max","lessQuarters %>% filter(quarter == ""2021 Q1"") %>% select(averageAmountPerTransaction) %>% max","lessQuarters %>% filter(quarter == ""2021 Q1"") %>% select(averageAmountPerTransaction) %>% max",lessQuarters,lessQuarters
1,Could you provide the highest average transaction amount for the quarter labeled 2021 Q1?,"lessQuarters %>% filter(quarter == ""2021 Q1"") %>% select(averageAmountPerTransaction) %>% max","lessQuarters %>% filter(quarter == ""2021 Q1"") %>% select(averageAmountPerTransaction) %>% max","lessQuarters %>% filter(quarter == ""2021 Q1"") %>% select(averageAmountPerTransaction) %>% max",lessQuarters,lessQuarters
1,Identify the maximum value of average transaction amount during the 2021 Q1 quarter.,"lessQuarters %>% filter(quarter == ""2021 Q1"") %>% select(averageAmountPerTransaction) %>% max","lessQuarters %>% filter(quarter == ""2021 Q1"") %>% select(averageAmountPerTransaction) %>% max","lessQuarters %>% filter(quarter == ""2021 Q1"") %>% select(averageAmountPerTransaction) %>% max",lessQuarters,lessQuarters
1,"For the 2021 Q1 quarter, retrieve the maximum value in the averageAmountPerTransaction column.","lessQuarters %>% filter(quarter == ""2021 Q1"") %>% select(averageAmountPerTransaction) %>% max","lessQuarters %>% filter(quarter == ""2021 Q1"") %>% select(averageAmountPerTransaction) %>% max","lessQuarters %>% filter(quarter == ""2021 Q1"") %>% select(averageAmountPerTransaction) %>% max",lessQuarters,lessQuarters
2,Give me all the users who have never liquidated or been liquidated,lessQuarters %>% filter(liquidationsPerformedCount == 0) %>% filter(liquidatedCount == 0) %>% select(user),lessQuarters %>% filter(liquidationsPerformedCount == 0) %>% filter(liquidatedCount == 0) %>% select(user),lessQuarters %>% filter(liquidationsPerformedCount == 0) %>% filter(liquidatedCount == 0) %>% select(user),lessQuarters,lessQuarters
2,Provide data on users with zero history of either performing liquidations or being subjected to them.,lessQuarters %>% filter(liquidationsPerformedCount == 0) %>% filter(liquidatedCount == 0) %>% select(user),lessQuarters %>% filter(liquidationsPerformedCount == 0) %>% filter(liquidatedCount == 0) %>% select(user),lessQuarters %>% filter(liquidationsPerformedCount == 0) %>% filter(liquidatedCount == 0) %>% select(user),lessQuarters,lessQuarters
2,Is there a way to access the data of users who've never been involved in liquidation?,lessQuarters %>% filter(liquidationsPerformedCount == 0) %>% filter(liquidatedCount == 0) %>% select(user),lessQuarters %>% filter(liquidationsPerformedCount == 0) %>% filter(liquidatedCount == 0) %>% select(user),lessQuarters %>% filter(liquidationsPerformedCount == 0) %>% filter(liquidatedCount == 0) %>% select(user),lessQuarters,lessQuarters
2,Show me users where the count of both liquidations performed and being liquidated is zero.,lessQuarters %>% filter(liquidationsPerformedCount == 0) %>% filter(liquidatedCount == 0) %>% select(user),lessQuarters %>% filter(liquidationsPerformedCount == 0) %>% filter(liquidatedCount == 0) %>% select(user),lessQuarters %>% filter(liquidationsPerformedCount == 0) %>% filter(liquidatedCount == 0) %>% select(user),lessQuarters,lessQuarters
2,"I need to see the list of users without any liquidation actions, neither active nor passive.",lessQuarters %>% filter(liquidationsPerformedCount == 0) %>% filter(liquidatedCount == 0) %>% select(user),lessQuarters %>% filter(liquidationsPerformedCount == 0) %>% filter(liquidatedCount == 0) %>% select(user),lessQuarters %>% filter(liquidationsPerformedCount == 0) %>% filter(liquidatedCount == 0) %>% select(user),lessQuarters,lessQuarters
3,Find the difference in average deposit amounts between new users who are smart contracts and new users who aren't,"deposit_means <- lessQuarters %>% filter(as.logical(newUser)) %>% group_by(smartContract) %>% summarize(average_deposits = mean(depositValue)); abs(deposit_means[2,2] - deposit_means[1,2])","deposit_means <- lessQuarters %>% filter(as.logical(newUser)) %>% group_by(smartContract) %>% summarize(average_deposits = mean(depositValue)); abs(deposit_means[2,2] - deposit_means[1,2])","deposit_means <- lessQuarters %>% filter(as.logical(newUser)) %>% group_by(smartContract) %>% summarize(average_deposits = mean(depositValue)); abs(deposit_means[2,2] - deposit_means[1,2])",lessQuarters,lessQuarters
3,"Compute the difference between the mean of deposit values for new users identified as smart contracts and new users who aren't, within the lessQuarters data frame.","deposit_means <- lessQuarters %>% filter(as.logical(newUser)) %>% group_by(smartContract) %>% summarize(average_deposits = mean(depositValue)); abs(deposit_means[2,2] - deposit_means[1,2])","deposit_means <- lessQuarters %>% filter(as.logical(newUser)) %>% group_by(smartContract) %>% summarize(average_deposits = mean(depositValue)); abs(deposit_means[2,2] - deposit_means[1,2])","deposit_means <- lessQuarters %>% filter(as.logical(newUser)) %>% group_by(smartContract) %>% summarize(average_deposits = mean(depositValue)); abs(deposit_means[2,2] - deposit_means[1,2])",lessQuarters,lessQuarters
3,What is the disparity in the average deposited sums of new smart contract users versus those of the new users without smart contracts?,"deposit_means <- lessQuarters %>% filter(as.logical(newUser)) %>% group_by(smartContract) %>% summarize(average_deposits = mean(depositValue)); abs(deposit_means[2,2] - deposit_means[1,2])","deposit_means <- lessQuarters %>% filter(as.logical(newUser)) %>% group_by(smartContract) %>% summarize(average_deposits = mean(depositValue)); abs(deposit_means[2,2] - deposit_means[1,2])","deposit_means <- lessQuarters %>% filter(as.logical(newUser)) %>% group_by(smartContract) %>% summarize(average_deposits = mean(depositValue)); abs(deposit_means[2,2] - deposit_means[1,2])",lessQuarters,lessQuarters
3,Delineate the disparity in average deposits between newcomers using smart contracts and those who aren't,"deposit_means <- lessQuarters %>% filter(as.logical(newUser)) %>% group_by(smartContract) %>% summarize(average_deposits = mean(depositValue)); abs(deposit_means[2,2] - deposit_means[1,2])","deposit_means <- lessQuarters %>% filter(as.logical(newUser)) %>% group_by(smartContract) %>% summarize(average_deposits = mean(depositValue)); abs(deposit_means[2,2] - deposit_means[1,2])","deposit_means <- lessQuarters %>% filter(as.logical(newUser)) %>% group_by(smartContract) %>% summarize(average_deposits = mean(depositValue)); abs(deposit_means[2,2] - deposit_means[1,2])",lessQuarters,lessQuarters
3,"In lessQuarters, calculate the dissimilarity in the mean deposit values between new users classified as smart contracts as opposed to those who are not.","deposit_means <- lessQuarters %>% filter(as.logical(newUser)) %>% group_by(smartContract) %>% summarize(average_deposits = mean(depositValue)); abs(deposit_means[2,2] - deposit_means[1,2])","deposit_means <- lessQuarters %>% filter(as.logical(newUser)) %>% group_by(smartContract) %>% summarize(average_deposits = mean(depositValue)); abs(deposit_means[2,2] - deposit_means[1,2])","deposit_means <- lessQuarters %>% filter(as.logical(newUser)) %>% group_by(smartContract) %>% summarize(average_deposits = mean(depositValue)); abs(deposit_means[2,2] - deposit_means[1,2])",lessQuarters,lessQuarters
4,Get the number of active days for the 10 entries with the highest number of repays,lessQuarters %>% arrange(desc(repayCount)) %>% select(activeDays) %>% slice(1:10),lessQuarters %>% arrange(desc(repayCount)) %>% select(activeDays) %>% slice(1:10),lessQuarters %>% arrange(desc(repayCount)) %>% select(activeDays) %>% slice(1:10),lessQuarters,lessQuarters
4,Find the 'activeDays' for the top 10 entries sorted by 'repayCount' in descending order.,lessQuarters %>% arrange(desc(repayCount)) %>% select(activeDays) %>% slice(1:10),lessQuarters %>% arrange(desc(repayCount)) %>% select(activeDays) %>% slice(1:10),lessQuarters %>% arrange(desc(repayCount)) %>% select(activeDays) %>% slice(1:10),lessQuarters,lessQuarters
4,I need the active days of the entries with the highest 10 repay counts.,lessQuarters %>% arrange(desc(repayCount)) %>% select(activeDays) %>% slice(1:10),lessQuarters %>% arrange(desc(repayCount)) %>% select(activeDays) %>% slice(1:10),lessQuarters %>% arrange(desc(repayCount)) %>% select(activeDays) %>% slice(1:10),lessQuarters,lessQuarters
4,Could you show me the number of active days for the 10 best 'repayCount' records?,lessQuarters %>% arrange(desc(repayCount)) %>% select(activeDays) %>% slice(1:10),lessQuarters %>% arrange(desc(repayCount)) %>% select(activeDays) %>% slice(1:10),lessQuarters %>% arrange(desc(repayCount)) %>% select(activeDays) %>% slice(1:10),lessQuarters,lessQuarters
4,Identify the 'activeDays' for the 10 records with the most repays.,lessQuarters %>% arrange(desc(repayCount)) %>% select(activeDays) %>% slice(1:10),lessQuarters %>% arrange(desc(repayCount)) %>% select(activeDays) %>% slice(1:10),lessQuarters %>% arrange(desc(repayCount)) %>% select(activeDays) %>% slice(1:10),lessQuarters,lessQuarters
5,In which quarter was the total average value of withdraws the lowest?,lessQuarters %>% group_by(quarter) %>% summarize(mean_withdraw = mean(withdrawValue)) %>% arrange(mean_withdraw) %>% slice(1) %>% pull(quarter),lessQuarters %>% group_by(quarter) %>% summarize(mean_withdraw = mean(withdrawValue)) %>% arrange(mean_withdraw) %>% slice(1) %>% pull(quarter),lessQuarters %>% group_by(quarter) %>% summarize(mean_withdraw = mean(withdrawValue)) %>% arrange(mean_withdraw) %>% slice(1) %>% pull(quarter),lessQuarters,lessQuarters
5,Can you identify the quarter with the least average total withdrawal value?,lessQuarters %>% group_by(quarter) %>% summarize(mean_withdraw = mean(withdrawValue)) %>% arrange(mean_withdraw) %>% slice(1) %>% pull(quarter),lessQuarters %>% group_by(quarter) %>% summarize(mean_withdraw = mean(withdrawValue)) %>% arrange(mean_withdraw) %>% slice(1) %>% pull(quarter),lessQuarters %>% group_by(quarter) %>% summarize(mean_withdraw = mean(withdrawValue)) %>% arrange(mean_withdraw) %>% slice(1) %>% pull(quarter),lessQuarters,lessQuarters
5,Could you figure out the quarter that recorded the lowest overall average in withdraws?,lessQuarters %>% group_by(quarter) %>% summarize(mean_withdraw = mean(withdrawValue)) %>% arrange(mean_withdraw) %>% slice(1) %>% pull(quarter),lessQuarters %>% group_by(quarter) %>% summarize(mean_withdraw = mean(withdrawValue)) %>% arrange(mean_withdraw) %>% slice(1) %>% pull(quarter),lessQuarters %>% group_by(quarter) %>% summarize(mean_withdraw = mean(withdrawValue)) %>% arrange(mean_withdraw) %>% slice(1) %>% pull(quarter),lessQuarters,lessQuarters
5,I need to know the quarter during which withdrawals averaged to the smallest total value.,lessQuarters %>% group_by(quarter) %>% summarize(mean_withdraw = mean(withdrawValue)) %>% arrange(mean_withdraw) %>% slice(1) %>% pull(quarter),lessQuarters %>% group_by(quarter) %>% summarize(mean_withdraw = mean(withdrawValue)) %>% arrange(mean_withdraw) %>% slice(1) %>% pull(quarter),lessQuarters %>% group_by(quarter) %>% summarize(mean_withdraw = mean(withdrawValue)) %>% arrange(mean_withdraw) %>% slice(1) %>% pull(quarter),lessQuarters,lessQuarters
5,Please provide information on the quarter that had the smallest mean amount for withdrawals.,lessQuarters %>% group_by(quarter) %>% summarize(mean_withdraw = mean(withdrawValue)) %>% arrange(mean_withdraw) %>% slice(1) %>% pull(quarter),lessQuarters %>% group_by(quarter) %>% summarize(mean_withdraw = mean(withdrawValue)) %>% arrange(mean_withdraw) %>% slice(1) %>% pull(quarter),lessQuarters %>% group_by(quarter) %>% summarize(mean_withdraw = mean(withdrawValue)) %>% arrange(mean_withdraw) %>% slice(1) %>% pull(quarter),lessQuarters,lessQuarters
6,Was the highest-liquidated user a new user?,lessQuarters %>% arrange(desc(liquidatedCount)) %>% slice(1) %>% pull(newUser) %>% as.logical,lessQuarters %>% arrange(desc(liquidatedCount)) %>% slice(1) %>% pull(newUser) %>% as.logical,lessQuarters %>% arrange(desc(liquidatedCount)) %>% slice(1) %>% pull(newUser) %>% as.logical,lessQuarters,lessQuarters
6,Did the user having the highest liquidation bear the status of a newcomer?,lessQuarters %>% arrange(desc(liquidatedCount)) %>% slice(1) %>% pull(newUser) %>% as.logical,lessQuarters %>% arrange(desc(liquidatedCount)) %>% slice(1) %>% pull(newUser) %>% as.logical,lessQuarters %>% arrange(desc(liquidatedCount)) %>% slice(1) %>% pull(newUser) %>% as.logical,lessQuarters,lessQuarters
6,Is the user who was liquidated at the top classified as a newbie?,lessQuarters %>% arrange(desc(liquidatedCount)) %>% slice(1) %>% pull(newUser) %>% as.logical,lessQuarters %>% arrange(desc(liquidatedCount)) %>% slice(1) %>% pull(newUser) %>% as.logical,lessQuarters %>% arrange(desc(liquidatedCount)) %>% slice(1) %>% pull(newUser) %>% as.logical,lessQuarters,lessQuarters
6,Confirm whether we categorize the user with the profoundest liquidation as a newcomer.,lessQuarters %>% arrange(desc(liquidatedCount)) %>% slice(1) %>% pull(newUser) %>% as.logical,lessQuarters %>% arrange(desc(liquidatedCount)) %>% slice(1) %>% pull(newUser) %>% as.logical,lessQuarters %>% arrange(desc(liquidatedCount)) %>% slice(1) %>% pull(newUser) %>% as.logical,lessQuarters,lessQuarters
6,Is it the case that the most heavily liquidated person was brand new to our platform?,lessQuarters %>% arrange(desc(liquidatedCount)) %>% slice(1) %>% pull(newUser) %>% as.logical,lessQuarters %>% arrange(desc(liquidatedCount)) %>% slice(1) %>% pull(newUser) %>% as.logical,lessQuarters %>% arrange(desc(liquidatedCount)) %>% slice(1) %>% pull(newUser) %>% as.logical,lessQuarters,lessQuarters
7,Make a data frame that consists of only the user and quarter columns along with all columns relating to liquidation,"lessQuarters %>% select(user, quarter, liquidationsPerformedValue, liquidationsPerformedCount, liquidatedCount, liquidatedValue)","lessQuarters %>% select(user, quarter, liquidationsPerformedValue, liquidationsPerformedCount, liquidatedCount, liquidatedValue)","lessQuarters %>% select(user, quarter, liquidationsPerformedValue, liquidationsPerformedCount, liquidatedCount, liquidatedValue)",lessQuarters,lessQuarters
7,"Construct a new data frame which extracts columns 'user', 'quarter' and all liquidation-related columns from the lessQuarters data frame.","lessQuarters %>% select(user, quarter, liquidationsPerformedValue, liquidationsPerformedCount, liquidatedCount, liquidatedValue)","lessQuarters %>% select(user, quarter, liquidationsPerformedValue, liquidationsPerformedCount, liquidatedCount, liquidatedValue)","lessQuarters %>% select(user, quarter, liquidationsPerformedValue, liquidationsPerformedCount, liquidatedCount, liquidatedValue)",lessQuarters,lessQuarters
7,"From the lessQuarters data frame, filter out the data pertaining to 'user', 'quarter' and any other columns that are associated with liquidation, then create a new data frame with this data.","lessQuarters %>% select(user, quarter, liquidationsPerformedValue, liquidationsPerformedCount, liquidatedCount, liquidatedValue)","lessQuarters %>% select(user, quarter, liquidationsPerformedValue, liquidationsPerformedCount, liquidatedCount, liquidatedValue)","lessQuarters %>% select(user, quarter, liquidationsPerformedValue, liquidationsPerformedCount, liquidatedCount, liquidatedValue)",lessQuarters,lessQuarters
7,"Create a derived data frame from the lessQuarters data frame with only the 'user', 'quarter' and all liquidation-related columns.","lessQuarters %>% select(user, quarter, liquidationsPerformedValue, liquidationsPerformedCount, liquidatedCount, liquidatedValue)","lessQuarters %>% select(user, quarter, liquidationsPerformedValue, liquidationsPerformedCount, liquidatedCount, liquidatedValue)","lessQuarters %>% select(user, quarter, liquidationsPerformedValue, liquidationsPerformedCount, liquidatedCount, liquidatedValue)",lessQuarters,lessQuarters
7,"Pick the 'user', 'quarter' and all liquidation-related columns from the lessQuarters data frame and put them in a separate data frame.","lessQuarters %>% select(user, quarter, liquidationsPerformedValue, liquidationsPerformedCount, liquidatedCount, liquidatedValue)","lessQuarters %>% select(user, quarter, liquidationsPerformedValue, liquidationsPerformedCount, liquidatedCount, liquidatedValue)","lessQuarters %>% select(user, quarter, liquidationsPerformedValue, liquidationsPerformedCount, liquidatedCount, liquidatedValue)",lessQuarters,lessQuarters
8,Find the average amount in transactions made by the alias who made the most transactions,lessTrans %>% filter(userAlias == lessTrans$userAlias %>% fct_infreq %>% levels %>% '['(1)) %>% pull(amount) %>% mean(na.rm = TRUE),lessTrans %>% filter(userAlias == lessTrans$userAlias %>% fct_infreq %>% levels %>% '['(1)) %>% pull(amount) %>% mean(na.rm = TRUE),lessTrans %>% filter(userAlias == lessTrans$userAlias %>% fct_infreq %>% levels %>% '['(1)) %>% pull(amount) %>% mean(na.rm = TRUE),transaction,lessTrans
8,Calculate the mean value of transactions made by the alias associated with the most transaction counts.,lessTrans %>% filter(userAlias == lessTrans$userAlias %>% fct_infreq %>% levels %>% '['(1)) %>% pull(amount) %>% mean(na.rm = TRUE),lessTrans %>% filter(userAlias == lessTrans$userAlias %>% fct_infreq %>% levels %>% '['(1)) %>% pull(amount) %>% mean(na.rm = TRUE),lessTrans %>% filter(userAlias == lessTrans$userAlias %>% fct_infreq %>% levels %>% '['(1)) %>% pull(amount) %>% mean(na.rm = TRUE),transaction,lessTrans
8,"Execute a mean computation on the transaction amounts, selecting those carried out by the topmost active alias.",lessTrans %>% filter(userAlias == lessTrans$userAlias %>% fct_infreq %>% levels %>% '['(1)) %>% pull(amount) %>% mean(na.rm = TRUE),lessTrans %>% filter(userAlias == lessTrans$userAlias %>% fct_infreq %>% levels %>% '['(1)) %>% pull(amount) %>% mean(na.rm = TRUE),lessTrans %>% filter(userAlias == lessTrans$userAlias %>% fct_infreq %>% levels %>% '['(1)) %>% pull(amount) %>% mean(na.rm = TRUE),transaction,lessTrans
8,What's the average transaction sum for the user alias who has conducted the most transactions?,lessTrans %>% filter(userAlias == lessTrans$userAlias %>% fct_infreq %>% levels %>% '['(1)) %>% pull(amount) %>% mean(na.rm = TRUE),lessTrans %>% filter(userAlias == lessTrans$userAlias %>% fct_infreq %>% levels %>% '['(1)) %>% pull(amount) %>% mean(na.rm = TRUE),lessTrans %>% filter(userAlias == lessTrans$userAlias %>% fct_infreq %>% levels %>% '['(1)) %>% pull(amount) %>% mean(na.rm = TRUE),transaction,lessTrans
8,"For the entity alias with the most numerous transactions, can you find out the average monetary amount in their transactions?",lessTrans %>% filter(userAlias == lessTrans$userAlias %>% fct_infreq %>% levels %>% '['(1)) %>% pull(amount) %>% mean(na.rm = TRUE),lessTrans %>% filter(userAlias == lessTrans$userAlias %>% fct_infreq %>% levels %>% '['(1)) %>% pull(amount) %>% mean(na.rm = TRUE),lessTrans %>% filter(userAlias == lessTrans$userAlias %>% fct_infreq %>% levels %>% '['(1)) %>% pull(amount) %>% mean(na.rm = TRUE),transaction,lessTrans
9,"Out of all reserves, which has the greatest gap between number of transactions with type 'collateral' and transactions with type 'borrow'?","table(lessTrans$reserve, lessTrans$type) %>% as.data.frame.matrix %>% mutate(collateral_borrow_diff = collateral - borrow) %>% arrange(desc(collateral_borrow_diff)) %>% slice(1) %>% rownames()","table(lessTrans$reserve, lessTrans$type) %>% as.data.frame.matrix %>% mutate(collateral_borrow_diff = collateral - borrow) %>% arrange(desc(collateral_borrow_diff)) %>% slice(1) %>% rownames()","table(lessTrans$reserve, lessTrans$type) %>% as.data.frame.matrix %>% mutate(collateral_borrow_diff = collateral - borrow) %>% arrange(desc(collateral_borrow_diff)) %>% slice(1) %>% rownames()",transaction,lessTrans
9,What is the reserve with the highest difference between 'collateral' and 'borrow' transaction type counts?,"table(lessTrans$reserve, lessTrans$type) %>% as.data.frame.matrix %>% mutate(collateral_borrow_diff = collateral - borrow) %>% arrange(desc(collateral_borrow_diff)) %>% slice(1) %>% rownames()","table(lessTrans$reserve, lessTrans$type) %>% as.data.frame.matrix %>% mutate(collateral_borrow_diff = collateral - borrow) %>% arrange(desc(collateral_borrow_diff)) %>% slice(1) %>% rownames()","table(lessTrans$reserve, lessTrans$type) %>% as.data.frame.matrix %>% mutate(collateral_borrow_diff = collateral - borrow) %>% arrange(desc(collateral_borrow_diff)) %>% slice(1) %>% rownames()",transaction,lessTrans
9,Extract the reserve having the largest count difference between transaction types 'collateral' and 'borrow',"table(lessTrans$reserve, lessTrans$type) %>% as.data.frame.matrix %>% mutate(collateral_borrow_diff = collateral - borrow) %>% arrange(desc(collateral_borrow_diff)) %>% slice(1) %>% rownames()","table(lessTrans$reserve, lessTrans$type) %>% as.data.frame.matrix %>% mutate(collateral_borrow_diff = collateral - borrow) %>% arrange(desc(collateral_borrow_diff)) %>% slice(1) %>% rownames()","table(lessTrans$reserve, lessTrans$type) %>% as.data.frame.matrix %>% mutate(collateral_borrow_diff = collateral - borrow) %>% arrange(desc(collateral_borrow_diff)) %>% slice(1) %>% rownames()",transaction,lessTrans
9,To identify the reserve with the maximum disparity in counts between 'borrow' and 'collateral' transactions.,"table(lessTrans$reserve, lessTrans$type) %>% as.data.frame.matrix %>% mutate(collateral_borrow_diff = collateral - borrow) %>% arrange(desc(collateral_borrow_diff)) %>% slice(1) %>% rownames()","table(lessTrans$reserve, lessTrans$type) %>% as.data.frame.matrix %>% mutate(collateral_borrow_diff = collateral - borrow) %>% arrange(desc(collateral_borrow_diff)) %>% slice(1) %>% rownames()","table(lessTrans$reserve, lessTrans$type) %>% as.data.frame.matrix %>% mutate(collateral_borrow_diff = collateral - borrow) %>% arrange(desc(collateral_borrow_diff)) %>% slice(1) %>% rownames()",transaction,lessTrans
9,"Of all reserves, identify the one with the most pronounced difference in transaction counts when comparing 'collateral' and 'borrow' types?","table(lessTrans$reserve, lessTrans$type) %>% as.data.frame.matrix %>% mutate(collateral_borrow_diff = collateral - borrow) %>% arrange(desc(collateral_borrow_diff)) %>% slice(1) %>% rownames()","table(lessTrans$reserve, lessTrans$type) %>% as.data.frame.matrix %>% mutate(collateral_borrow_diff = collateral - borrow) %>% arrange(desc(collateral_borrow_diff)) %>% slice(1) %>% rownames()","table(lessTrans$reserve, lessTrans$type) %>% as.data.frame.matrix %>% mutate(collateral_borrow_diff = collateral - borrow) %>% arrange(desc(collateral_borrow_diff)) %>% slice(1) %>% rownames()",transaction,lessTrans
10,"For transactions of type borrow, repay, or deposit, how many were performed by a different user than they were on behalf of?","lessTrans %>% filter(type %in% c('borrow', 'repay', 'deposit'), user != onBehalfOf) %>% nrow","lessTrans %>% filter(type %in% c('borrow', 'repay', 'deposit'), user != onBehalfOf) %>% nrow","lessTrans %>% filter(type %in% c('borrow', 'repay', 'deposit'), user != onBehalfOf) %>% nrow",transaction,lessTrans
10,"Get the count of transactions where the user is different from the onBehalfOf field for the transaction types borrow, repay, and deposit.","lessTrans %>% filter(type %in% c('borrow', 'repay', 'deposit'), user != onBehalfOf) %>% nrow","lessTrans %>% filter(type %in% c('borrow', 'repay', 'deposit'), user != onBehalfOf) %>% nrow","lessTrans %>% filter(type %in% c('borrow', 'repay', 'deposit'), user != onBehalfOf) %>% nrow",transaction,lessTrans
10,"How many borrow, repay, or deposit transactions were there in which the user who executed the transaction and the party for whom it was executed for are different?","lessTrans %>% filter(type %in% c('borrow', 'repay', 'deposit'), user != onBehalfOf) %>% nrow","lessTrans %>% filter(type %in% c('borrow', 'repay', 'deposit'), user != onBehalfOf) %>% nrow","lessTrans %>% filter(type %in% c('borrow', 'repay', 'deposit'), user != onBehalfOf) %>% nrow",transaction,lessTrans
10,"Can you calculate the total number of borrow, repay, and deposit transactions made by a user who is different to the one on whose behalf they were conducted","lessTrans %>% filter(type %in% c('borrow', 'repay', 'deposit'), user != onBehalfOf) %>% nrow","lessTrans %>% filter(type %in% c('borrow', 'repay', 'deposit'), user != onBehalfOf) %>% nrow","lessTrans %>% filter(type %in% c('borrow', 'repay', 'deposit'), user != onBehalfOf) %>% nrow",transaction,lessTrans
10,"For transactions of type borrow, repay, or deposit, how many were performed by a different user than they were on behalf of?","lessTrans %>% filter(type %in% c('borrow', 'repay', 'deposit'), user != onBehalfOf) %>% nrow","lessTrans %>% filter(type %in% c('borrow', 'repay', 'deposit'), user != onBehalfOf) %>% nrow","lessTrans %>% filter(type %in% c('borrow', 'repay', 'deposit'), user != onBehalfOf) %>% nrow",transaction,lessTrans
11,Name all the aliases who performed the 100 transactions with the highest amounts,lessTrans %>% arrange(desc(amount)) %>% slice(1:100) %>% select(userAlias) %>% unique,lessTrans %>% arrange(desc(amount)) %>% slice(1:100) %>% select(userAlias) %>% unique,lessTrans %>% arrange(desc(amount)) %>% slice(1:100) %>% select(userAlias) %>% unique,transaction,lessTrans
11,Display the aliases associated with the top 100 transactions recorded in terms of amount.,lessTrans %>% arrange(desc(amount)) %>% slice(1:100) %>% select(userAlias) %>% unique,lessTrans %>% arrange(desc(amount)) %>% slice(1:100) %>% select(userAlias) %>% unique,lessTrans %>% arrange(desc(amount)) %>% slice(1:100) %>% select(userAlias) %>% unique,transaction,lessTrans
11,Name all the aliases who performed the 100 transactions with the highest amounts,lessTrans %>% arrange(desc(amount)) %>% slice(1:100) %>% select(userAlias) %>% unique,lessTrans %>% arrange(desc(amount)) %>% slice(1:100) %>% select(userAlias) %>% unique,lessTrans %>% arrange(desc(amount)) %>% slice(1:100) %>% select(userAlias) %>% unique,transaction,lessTrans
11,List the aliases that carried out transactions with the highest 100 amounts.,lessTrans %>% arrange(desc(amount)) %>% slice(1:100) %>% select(userAlias) %>% unique,lessTrans %>% arrange(desc(amount)) %>% slice(1:100) %>% select(userAlias) %>% unique,lessTrans %>% arrange(desc(amount)) %>% slice(1:100) %>% select(userAlias) %>% unique,transaction,lessTrans
11,Which aliases are responsible for the top 100 highest amount transactions?,lessTrans %>% arrange(desc(amount)) %>% slice(1:100) %>% select(userAlias) %>% unique,lessTrans %>% arrange(desc(amount)) %>% slice(1:100) %>% select(userAlias) %>% unique,lessTrans %>% arrange(desc(amount)) %>% slice(1:100) %>% select(userAlias) %>% unique,transaction,lessTrans
12,Has a liquidator ever liquidated themselves?,nrow(lessTrans %>% filter(liquidator == user)) > 0,nrow(lessTrans %>% filter(liquidator == user)) > 0,nrow(lessTrans %>% filter(liquidator == user)) > 0,transaction,lessTrans
12,Is there a record of any liquidator self-liquidating?,nrow(lessTrans %>% filter(liquidator == user)) > 0,nrow(lessTrans %>% filter(liquidator == user)) > 0,nrow(lessTrans %>% filter(liquidator == user)) > 0,transaction,lessTrans
12,Has self-liquidation ever been carried out by a liquidator?,nrow(lessTrans %>% filter(liquidator == user)) > 0,nrow(lessTrans %>% filter(liquidator == user)) > 0,nrow(lessTrans %>% filter(liquidator == user)) > 0,transaction,lessTrans
12,Is there an instance where liquidation was self-imposed by a liquidator?,nrow(lessTrans %>% filter(liquidator == user)) > 0,nrow(lessTrans %>% filter(liquidator == user)) > 0,nrow(lessTrans %>% filter(liquidator == user)) > 0,transaction,lessTrans
12,Has there ever been a case of a liquidator liquidating their own self?,nrow(lessTrans %>% filter(liquidator == user)) > 0,nrow(lessTrans %>% filter(liquidator == user)) > 0,nrow(lessTrans %>% filter(liquidator == user)) > 0,transaction,lessTrans
13,Give a breakdown of the percentages of transaction types for the reserve USDT,lessTrans %>% filter(reserve == 'USDT') %>% group_by(type) %>% summarize(percent = n()) %>% mutate(percent = 100 * percent / sum(percent)),lessTrans %>% filter(reserve == 'USDT') %>% group_by(type) %>% summarize(percent = n()) %>% mutate(percent = 100 * percent / sum(percent)),lessTrans %>% filter(reserve == 'USDT') %>% group_by(type) %>% summarize(percent = n()) %>% mutate(percent = 100 * percent / sum(percent)),transaction,lessTrans
13,Can you provide a distribution of transaction types as percents for the USDT reserve?,lessTrans %>% filter(reserve == 'USDT') %>% group_by(type) %>% summarize(percent = n()) %>% mutate(percent = 100 * percent / sum(percent)),lessTrans %>% filter(reserve == 'USDT') %>% group_by(type) %>% summarize(percent = n()) %>% mutate(percent = 100 * percent / sum(percent)),lessTrans %>% filter(reserve == 'USDT') %>% group_by(type) %>% summarize(percent = n()) %>% mutate(percent = 100 * percent / sum(percent)),transaction,lessTrans
13,What is the ratio of each transaction type in percentages for the reserve named USDT?,lessTrans %>% filter(reserve == 'USDT') %>% group_by(type) %>% summarize(percent = n()) %>% mutate(percent = 100 * percent / sum(percent)),lessTrans %>% filter(reserve == 'USDT') %>% group_by(type) %>% summarize(percent = n()) %>% mutate(percent = 100 * percent / sum(percent)),lessTrans %>% filter(reserve == 'USDT') %>% group_by(type) %>% summarize(percent = n()) %>% mutate(percent = 100 * percent / sum(percent)),transaction,lessTrans
13,I need you to compute the proportion of every transaction type in the USDT reserve.,lessTrans %>% filter(reserve == 'USDT') %>% group_by(type) %>% summarize(percent = n()) %>% mutate(percent = 100 * percent / sum(percent)),lessTrans %>% filter(reserve == 'USDT') %>% group_by(type) %>% summarize(percent = n()) %>% mutate(percent = 100 * percent / sum(percent)),lessTrans %>% filter(reserve == 'USDT') %>% group_by(type) %>% summarize(percent = n()) %>% mutate(percent = 100 * percent / sum(percent)),transaction,lessTrans
13,Show the transaction types as part of a whole in percentages for USDT reserve.,lessTrans %>% filter(reserve == 'USDT') %>% group_by(type) %>% summarize(percent = n()) %>% mutate(percent = 100 * percent / sum(percent)),lessTrans %>% filter(reserve == 'USDT') %>% group_by(type) %>% summarize(percent = n()) %>% mutate(percent = 100 * percent / sum(percent)),lessTrans %>% filter(reserve == 'USDT') %>% group_by(type) %>% summarize(percent = n()) %>% mutate(percent = 100 * percent / sum(percent)),transaction,lessTrans
14,"What reserve had the most transactions of type 'deposit' from May 12, 2021 to June 24, 2022?","lessTrans %>% mutate(date = as_datetime(timestamp)) %>% filter(date >= mdy(""5/12/2021""), date <= mdy(""6/24/2022""), type == 'deposit') %>% pull(reserve) %>% table %>% which.max %>% names","lessTrans %>% mutate(date = as_datetime(timestamp)) %>% filter(date >= mdy(""5/12/2021""), date <= mdy(""6/24/2022""), type == 'deposit') %>% pull(reserve) %>% table %>% which.max %>% names","lessTrans %>% mutate(date = as_datetime(timestamp)) %>% filter(date >= mdy(""5/12/2021""), date <= mdy(""6/24/2022""), type == 'deposit') %>% pull(reserve) %>% table %>% which.max %>% names",date,lessTrans
14,"Fetch the reserve with maximum 'deposit' type transactions between May 12, 2021 and June 24, 2022.","lessTrans %>% mutate(date = as_datetime(timestamp)) %>% filter(date >= mdy(""5/12/2021""), date <= mdy(""6/24/2022""), type == 'deposit') %>% pull(reserve) %>% table %>% which.max %>% names","lessTrans %>% mutate(date = as_datetime(timestamp)) %>% filter(date >= mdy(""5/12/2021""), date <= mdy(""6/24/2022""), type == 'deposit') %>% pull(reserve) %>% table %>% which.max %>% names","lessTrans %>% mutate(date = as_datetime(timestamp)) %>% filter(date >= mdy(""5/12/2021""), date <= mdy(""6/24/2022""), type == 'deposit') %>% pull(reserve) %>% table %>% which.max %>% names",date,lessTrans
14,"Within the dates May 12, 2021 and June 24, 2022, which reserve had the highest number of 'deposit' type transactions?","lessTrans %>% mutate(date = as_datetime(timestamp)) %>% filter(date >= mdy(""5/12/2021""), date <= mdy(""6/24/2022""), type == 'deposit') %>% pull(reserve) %>% table %>% which.max %>% names","lessTrans %>% mutate(date = as_datetime(timestamp)) %>% filter(date >= mdy(""5/12/2021""), date <= mdy(""6/24/2022""), type == 'deposit') %>% pull(reserve) %>% table %>% which.max %>% names","lessTrans %>% mutate(date = as_datetime(timestamp)) %>% filter(date >= mdy(""5/12/2021""), date <= mdy(""6/24/2022""), type == 'deposit') %>% pull(reserve) %>% table %>% which.max %>% names",date,lessTrans
14,"Identify the primary reserve for 'deposit' transactions within the duration of May 12, 2021 through June 24, 2022.","lessTrans %>% mutate(date = as_datetime(timestamp)) %>% filter(date >= mdy(""5/12/2021""), date <= mdy(""6/24/2022""), type == 'deposit') %>% pull(reserve) %>% table %>% which.max %>% names","lessTrans %>% mutate(date = as_datetime(timestamp)) %>% filter(date >= mdy(""5/12/2021""), date <= mdy(""6/24/2022""), type == 'deposit') %>% pull(reserve) %>% table %>% which.max %>% names","lessTrans %>% mutate(date = as_datetime(timestamp)) %>% filter(date >= mdy(""5/12/2021""), date <= mdy(""6/24/2022""), type == 'deposit') %>% pull(reserve) %>% table %>% which.max %>% names",date,lessTrans
14,"From the period of May 12, 2021 to June 24, 2022, show the reserve having the highest count of transactions of 'deposit' type.","lessTrans %>% mutate(date = as_datetime(timestamp)) %>% filter(date >= mdy(""5/12/2021""), date <= mdy(""6/24/2022""), type == 'deposit') %>% pull(reserve) %>% table %>% which.max %>% names","lessTrans %>% mutate(date = as_datetime(timestamp)) %>% filter(date >= mdy(""5/12/2021""), date <= mdy(""6/24/2022""), type == 'deposit') %>% pull(reserve) %>% table %>% which.max %>% names","lessTrans %>% mutate(date = as_datetime(timestamp)) %>% filter(date >= mdy(""5/12/2021""), date <= mdy(""6/24/2022""), type == 'deposit') %>% pull(reserve) %>% table %>% which.max %>% names",date,lessTrans
15,When did the latest and earliest transactions take place?,"stamps = lessTrans %>% arrange(timestamp) %>% pull(timestamp) %>% as_datetime
list(earliest = stamps[1], latest = stamps[length(stamps)])","stamps = lessTrans %>% arrange(timestamp) %>% pull(timestamp) %>% as_datetime
list(earliest = stamps[1], latest = stamps[length(stamps)])","stamps = lessTrans %>% arrange(timestamp) %>% pull(timestamp) %>% as_datetime
list(earliest = stamps[1], latest = stamps[length(stamps)])",date,lessTrans
15,Can you identify the timestamps for the initial and most recent transactions?,"stamps = lessTrans %>% arrange(timestamp) %>% pull(timestamp) %>% as_datetime
list(earliest = stamps[1], latest = stamps[length(stamps)])","stamps = lessTrans %>% arrange(timestamp) %>% pull(timestamp) %>% as_datetime
list(earliest = stamps[1], latest = stamps[length(stamps)])","stamps = lessTrans %>% arrange(timestamp) %>% pull(timestamp) %>% as_datetime
list(earliest = stamps[1], latest = stamps[length(stamps)])",date,lessTrans
15,What are the dates of the first and last transactions?,"stamps = lessTrans %>% arrange(timestamp) %>% pull(timestamp) %>% as_datetime
list(earliest = stamps[1], latest = stamps[length(stamps)])","stamps = lessTrans %>% arrange(timestamp) %>% pull(timestamp) %>% as_datetime
list(earliest = stamps[1], latest = stamps[length(stamps)])","stamps = lessTrans %>% arrange(timestamp) %>% pull(timestamp) %>% as_datetime
list(earliest = stamps[1], latest = stamps[length(stamps)])",date,lessTrans
15,Could you provide the timestamps for the furthest past and the most recent transactions?,"stamps = lessTrans %>% arrange(timestamp) %>% pull(timestamp) %>% as_datetime
list(earliest = stamps[1], latest = stamps[length(stamps)])","stamps = lessTrans %>% arrange(timestamp) %>% pull(timestamp) %>% as_datetime
list(earliest = stamps[1], latest = stamps[length(stamps)])","stamps = lessTrans %>% arrange(timestamp) %>% pull(timestamp) %>% as_datetime
list(earliest = stamps[1], latest = stamps[length(stamps)])",date,lessTrans
15,I need to know when the earliest and the latest transaction happened.,"stamps = lessTrans %>% arrange(timestamp) %>% pull(timestamp) %>% as_datetime
list(earliest = stamps[1], latest = stamps[length(stamps)])","stamps = lessTrans %>% arrange(timestamp) %>% pull(timestamp) %>% as_datetime
list(earliest = stamps[1], latest = stamps[length(stamps)])","stamps = lessTrans %>% arrange(timestamp) %>% pull(timestamp) %>% as_datetime
list(earliest = stamps[1], latest = stamps[length(stamps)])",date,lessTrans
16,Which year had the most transactions?,"lessTrans %>% mutate(timestamp = as_datetime(timestamp)) %>% mutate(month = month(timestamp), year = year(timestamp)) %>% group_by(year) %>% summarize(num_transactions = n(), .groups = 'drop') %>% arrange(desc(num_transactions)) %>% select(year) %>% slice(1)","lessTrans %>% mutate(timestamp = as_datetime(timestamp)) %>% mutate(month = month(timestamp), year = year(timestamp)) %>% group_by(year) %>% summarize(num_transactions = n(), .groups = 'drop') %>% arrange(desc(num_transactions)) %>% select(year) %>% slice(1)","lessTrans %>% mutate(timestamp = as_datetime(timestamp)) %>% mutate(month = month(timestamp), year = year(timestamp)) %>% group_by(year) %>% summarize(num_transactions = n(), .groups = 'drop') %>% arrange(desc(num_transactions)) %>% select(year) %>% slice(1)",date,lessTrans
16,In which year was the transaction count the highest?,"lessTrans %>% mutate(timestamp = as_datetime(timestamp)) %>% mutate(month = month(timestamp), year = year(timestamp)) %>% group_by(year) %>% summarize(num_transactions = n(), .groups = 'drop') %>% arrange(desc(num_transactions)) %>% select(year) %>% slice(1)","lessTrans %>% mutate(timestamp = as_datetime(timestamp)) %>% mutate(month = month(timestamp), year = year(timestamp)) %>% group_by(year) %>% summarize(num_transactions = n(), .groups = 'drop') %>% arrange(desc(num_transactions)) %>% select(year) %>% slice(1)","lessTrans %>% mutate(timestamp = as_datetime(timestamp)) %>% mutate(month = month(timestamp), year = year(timestamp)) %>% group_by(year) %>% summarize(num_transactions = n(), .groups = 'drop') %>% arrange(desc(num_transactions)) %>% select(year) %>% slice(1)",date,lessTrans
16,Can you identify the year with the maximum number of transactions?,"lessTrans %>% mutate(timestamp = as_datetime(timestamp)) %>% mutate(month = month(timestamp), year = year(timestamp)) %>% group_by(year) %>% summarize(num_transactions = n(), .groups = 'drop') %>% arrange(desc(num_transactions)) %>% select(year) %>% slice(1)","lessTrans %>% mutate(timestamp = as_datetime(timestamp)) %>% mutate(month = month(timestamp), year = year(timestamp)) %>% group_by(year) %>% summarize(num_transactions = n(), .groups = 'drop') %>% arrange(desc(num_transactions)) %>% select(year) %>% slice(1)","lessTrans %>% mutate(timestamp = as_datetime(timestamp)) %>% mutate(month = month(timestamp), year = year(timestamp)) %>% group_by(year) %>% summarize(num_transactions = n(), .groups = 'drop') %>% arrange(desc(num_transactions)) %>% select(year) %>% slice(1)",date,lessTrans
16,What year boasts the record for most transactions?,"lessTrans %>% mutate(timestamp = as_datetime(timestamp)) %>% mutate(month = month(timestamp), year = year(timestamp)) %>% group_by(year) %>% summarize(num_transactions = n(), .groups = 'drop') %>% arrange(desc(num_transactions)) %>% select(year) %>% slice(1)","lessTrans %>% mutate(timestamp = as_datetime(timestamp)) %>% mutate(month = month(timestamp), year = year(timestamp)) %>% group_by(year) %>% summarize(num_transactions = n(), .groups = 'drop') %>% arrange(desc(num_transactions)) %>% select(year) %>% slice(1)","lessTrans %>% mutate(timestamp = as_datetime(timestamp)) %>% mutate(month = month(timestamp), year = year(timestamp)) %>% group_by(year) %>% summarize(num_transactions = n(), .groups = 'drop') %>% arrange(desc(num_transactions)) %>% select(year) %>% slice(1)",date,lessTrans
16,I'd like to know the year that registered the greatest number of transactions.,"lessTrans %>% mutate(timestamp = as_datetime(timestamp)) %>% mutate(month = month(timestamp), year = year(timestamp)) %>% group_by(year) %>% summarize(num_transactions = n(), .groups = 'drop') %>% arrange(desc(num_transactions)) %>% select(year) %>% slice(1)","lessTrans %>% mutate(timestamp = as_datetime(timestamp)) %>% mutate(month = month(timestamp), year = year(timestamp)) %>% group_by(year) %>% summarize(num_transactions = n(), .groups = 'drop') %>% arrange(desc(num_transactions)) %>% select(year) %>% slice(1)","lessTrans %>% mutate(timestamp = as_datetime(timestamp)) %>% mutate(month = month(timestamp), year = year(timestamp)) %>% group_by(year) %>% summarize(num_transactions = n(), .groups = 'drop') %>% arrange(desc(num_transactions)) %>% select(year) %>% slice(1)",date,lessTrans
17,Which day of the week has the least transactions?,"lessTrans %>% mutate(timestamp = as_datetime(timestamp)) %>% mutate(dow = wday(timestamp, TRUE)) %>% group_by(dow) %>% summarize(num_transactions = n()) %>% arrange(num_transactions) %>% select(-num_transactions) %>% slice(1)","lessTrans %>% mutate(timestamp = as_datetime(timestamp)) %>% mutate(dow = wday(timestamp, TRUE)) %>% group_by(dow) %>% summarize(num_transactions = n()) %>% arrange(num_transactions) %>% select(-num_transactions) %>% slice(1)","lessTrans %>% mutate(timestamp = as_datetime(timestamp)) %>% mutate(dow = wday(timestamp, TRUE)) %>% group_by(dow) %>% summarize(num_transactions = n()) %>% arrange(num_transactions) %>% select(-num_transactions) %>% slice(1)",date,lessTrans
17,Can you identify the day of the week recording the fewest transactions?,"lessTrans %>% mutate(timestamp = as_datetime(timestamp)) %>% mutate(dow = wday(timestamp, TRUE)) %>% group_by(dow) %>% summarize(num_transactions = n()) %>% arrange(num_transactions) %>% select(-num_transactions) %>% slice(1)","lessTrans %>% mutate(timestamp = as_datetime(timestamp)) %>% mutate(dow = wday(timestamp, TRUE)) %>% group_by(dow) %>% summarize(num_transactions = n()) %>% arrange(num_transactions) %>% select(-num_transactions) %>% slice(1)","lessTrans %>% mutate(timestamp = as_datetime(timestamp)) %>% mutate(dow = wday(timestamp, TRUE)) %>% group_by(dow) %>% summarize(num_transactions = n()) %>% arrange(num_transactions) %>% select(-num_transactions) %>% slice(1)",date,lessTrans
17,On what day of the week do we observe the smallest number of transactions?,"lessTrans %>% mutate(timestamp = as_datetime(timestamp)) %>% mutate(dow = wday(timestamp, TRUE)) %>% group_by(dow) %>% summarize(num_transactions = n()) %>% arrange(num_transactions) %>% select(-num_transactions) %>% slice(1)","lessTrans %>% mutate(timestamp = as_datetime(timestamp)) %>% mutate(dow = wday(timestamp, TRUE)) %>% group_by(dow) %>% summarize(num_transactions = n()) %>% arrange(num_transactions) %>% select(-num_transactions) %>% slice(1)","lessTrans %>% mutate(timestamp = as_datetime(timestamp)) %>% mutate(dow = wday(timestamp, TRUE)) %>% group_by(dow) %>% summarize(num_transactions = n()) %>% arrange(num_transactions) %>% select(-num_transactions) %>% slice(1)",date,lessTrans
17,What day of the week is associated with the least activity in terms of transactions?,"lessTrans %>% mutate(timestamp = as_datetime(timestamp)) %>% mutate(dow = wday(timestamp, TRUE)) %>% group_by(dow) %>% summarize(num_transactions = n()) %>% arrange(num_transactions) %>% select(-num_transactions) %>% slice(1)","lessTrans %>% mutate(timestamp = as_datetime(timestamp)) %>% mutate(dow = wday(timestamp, TRUE)) %>% group_by(dow) %>% summarize(num_transactions = n()) %>% arrange(num_transactions) %>% select(-num_transactions) %>% slice(1)","lessTrans %>% mutate(timestamp = as_datetime(timestamp)) %>% mutate(dow = wday(timestamp, TRUE)) %>% group_by(dow) %>% summarize(num_transactions = n()) %>% arrange(num_transactions) %>% select(-num_transactions) %>% slice(1)",date,lessTrans
17,Find which day of the week experiences the lowest volume of transactions.,"lessTrans %>% mutate(timestamp = as_datetime(timestamp)) %>% mutate(dow = wday(timestamp, TRUE)) %>% group_by(dow) %>% summarize(num_transactions = n()) %>% arrange(num_transactions) %>% select(-num_transactions) %>% slice(1)","lessTrans %>% mutate(timestamp = as_datetime(timestamp)) %>% summarize(earliest = month(min(timestamp)), latest = month(max(timestamp)))","lessTrans %>% mutate(timestamp = as_datetime(timestamp)) %>% summarize(earliest = month(min(timestamp)), latest = month(max(timestamp)))",date,lessTrans
18,"Which transaction had the largest amount in ETH from December 20, 2021 to January 1, 2024?","lessTrans %>% mutate(date = as_datetime(timestamp)) %>% filter(date >= mdy(""12/20/2021""), date <= mdy(""1/1/2024"")) %>% arrange(desc(amountETH)) %>% slice(1)","lessTrans %>% mutate(date = as_datetime(timestamp)) %>% filter(date >= mdy(""12/20/2021""), date <= mdy(""1/1/2024"")) %>% arrange(desc(amountETH)) %>% slice(1)","lessTrans %>% mutate(date = as_datetime(timestamp)) %>% filter(date >= mdy(""12/20/2021""), date <= mdy(""1/1/2024"")) %>% arrange(desc(amountETH)) %>% slice(1)",date,lessTrans
18,"From the 'lessTrans' data frame, what is the maximum 'amountETH' of a transaction between December 20, 2021, and January 1, 2024?","lessTrans %>% mutate(date = as_datetime(timestamp)) %>% filter(date >= mdy(""12/20/2021""), date <= mdy(""1/1/2024"")) %>% arrange(desc(amountETH)) %>% slice(1)","lessTrans %>% mutate(date = as_datetime(timestamp)) %>% filter(date >= mdy(""12/20/2021""), date <= mdy(""1/1/2024"")) %>% arrange(desc(amountETH)) %>% slice(1)","lessTrans %>% mutate(date = as_datetime(timestamp)) %>% filter(date >= mdy(""12/20/2021""), date <= mdy(""1/1/2024"")) %>% arrange(desc(amountETH)) %>% slice(1)",date,lessTrans
18,"Can you find the transaction with the highest 'amountETH' that took place between December 20, 2021, and January 1, 2024 in the 'lessTrans' data frame?","lessTrans %>% mutate(date = as_datetime(timestamp)) %>% filter(date >= mdy(""12/20/2021""), date <= mdy(""1/1/2024"")) %>% arrange(desc(amountETH)) %>% slice(1)","lessTrans %>% mutate(date = as_datetime(timestamp)) %>% filter(date >= mdy(""12/20/2021""), date <= mdy(""1/1/2024"")) %>% arrange(desc(amountETH)) %>% slice(1)","lessTrans %>% mutate(date = as_datetime(timestamp)) %>% filter(date >= mdy(""12/20/2021""), date <= mdy(""1/1/2024"")) %>% arrange(desc(amountETH)) %>% slice(1)",date,lessTrans
18,"Within the 'lessTrans' data, identify the transaction that recorded the largest 'amountETH' during the period from December 20, 2021, to January 1, 2024.","lessTrans %>% mutate(date = as_datetime(timestamp)) %>% filter(date >= mdy(""12/20/2021""), date <= mdy(""1/1/2024"")) %>% arrange(desc(amountETH)) %>% slice(1)","lessTrans %>% mutate(date = as_datetime(timestamp)) %>% filter(date >= mdy(""12/20/2021""), date <= mdy(""1/1/2024"")) %>% arrange(desc(amountETH)) %>% slice(1)","lessTrans %>% mutate(date = as_datetime(timestamp)) %>% filter(date >= mdy(""12/20/2021""), date <= mdy(""1/1/2024"")) %>% arrange(desc(amountETH)) %>% slice(1)",date,lessTrans
18,"From the data frame 'lessTrans', retrieve the transaction with the greatest 'amountETH' figure between the dates of December 20, 2021, and January 1, 2024.","lessTrans %>% mutate(date = as_datetime(timestamp)) %>% filter(date >= mdy(""12/20/2021""), date <= mdy(""1/1/2024"")) %>% arrange(desc(amountETH)) %>% slice(1)","lessTrans %>% mutate(date = as_datetime(timestamp)) %>% filter(date >= mdy(""12/20/2021""), date <= mdy(""1/1/2024"")) %>% arrange(desc(amountETH)) %>% slice(1)","lessTrans %>% mutate(date = as_datetime(timestamp)) %>% filter(date >= mdy(""12/20/2021""), date <= mdy(""1/1/2024"")) %>% arrange(desc(amountETH)) %>% slice(1)",date,lessTrans
19,Give the proportion of the number of appearances for each pool value from 3/30/2020 to 8/8/2021,"lessTrans %>% mutate(timestamp = as_datetime(timestamp)) %>% filter(timestamp >= mdy('3/30/2020'), timestamp <= mdy('8/8/2021')) %>% count(pool) %>% mutate(freq = n / sum(n)) %>% select(-n)","lessTrans %>% mutate(timestamp = as_datetime(timestamp)) %>% filter(timestamp >= mdy('3/30/2020'), timestamp <= mdy('8/8/2021')) %>% count(pool) %>% mutate(freq = n / sum(n)) %>% select(-n)","lessTrans %>% mutate(timestamp = as_datetime(timestamp)) %>% filter(timestamp >= mdy('3/30/2020'), timestamp <= mdy('8/8/2021')) %>% count(pool) %>% mutate(freq = n / sum(n)) %>% select(-n)",date,lessTrans
19,Calculate the frequency ratio for each pool between the dates of 30th March 2020 and 8th August 2021.,"lessTrans %>% mutate(timestamp = as_datetime(timestamp)) %>% filter(timestamp >= mdy('3/30/2020'), timestamp <= mdy('8/8/2021')) %>% count(pool) %>% mutate(freq = n / sum(n)) %>% select(-n)","lessTrans %>% mutate(timestamp = as_datetime(timestamp)) %>% filter(timestamp >= mdy('3/30/2020'), timestamp <= mdy('8/8/2021')) %>% count(pool) %>% mutate(freq = n / sum(n)) %>% select(-n)","lessTrans %>% mutate(timestamp = as_datetime(timestamp)) %>% filter(timestamp >= mdy('3/30/2020'), timestamp <= mdy('8/8/2021')) %>% count(pool) %>% mutate(freq = n / sum(n)) %>% select(-n)",date,lessTrans
19,"Provide the proportional counts for each type of pool from March 30, 2020 to August 8, 2021.","lessTrans %>% mutate(timestamp = as_datetime(timestamp)) %>% filter(timestamp >= mdy('3/30/2020'), timestamp <= mdy('8/8/2021')) %>% count(pool) %>% mutate(freq = n / sum(n)) %>% select(-n)","lessTrans %>% mutate(timestamp = as_datetime(timestamp)) %>% filter(timestamp >= mdy('3/30/2020'), timestamp <= mdy('8/8/2021')) %>% count(pool) %>% mutate(freq = n / sum(n)) %>% select(-n)","lessTrans %>% mutate(timestamp = as_datetime(timestamp)) %>% filter(timestamp >= mdy('3/30/2020'), timestamp <= mdy('8/8/2021')) %>% count(pool) %>% mutate(freq = n / sum(n)) %>% select(-n)",date,lessTrans
19,Determine the percentage of each pool from 3/30/2020 to 8/8/2021.,"lessTrans %>% mutate(timestamp = as_datetime(timestamp)) %>% filter(timestamp >= mdy('3/30/2020'), timestamp <= mdy('8/8/2021')) %>% count(pool) %>% mutate(freq = n / sum(n)) %>% select(-n)","lessTrans %>% mutate(timestamp = as_datetime(timestamp)) %>% filter(timestamp >= mdy('3/30/2020'), timestamp <= mdy('8/8/2021')) %>% count(pool) %>% mutate(freq = n / sum(n)) %>% select(-n)","lessTrans %>% mutate(timestamp = as_datetime(timestamp)) %>% filter(timestamp >= mdy('3/30/2020'), timestamp <= mdy('8/8/2021')) %>% count(pool) %>% mutate(freq = n / sum(n)) %>% select(-n)",date,lessTrans
19,What's the count ratio for each pool from 30/03/2020 to 08/08/2021?,"lessTrans %>% mutate(timestamp = as_datetime(timestamp)) %>% filter(timestamp >= mdy('3/30/2020'), timestamp <= mdy('8/8/2021')) %>% count(pool) %>% mutate(freq = n / sum(n)) %>% select(-n)","lessTrans %>% mutate(timestamp = as_datetime(timestamp)) %>% filter(timestamp >= mdy('3/30/2020'), timestamp <= mdy('8/8/2021')) %>% count(pool) %>% mutate(freq = n / sum(n)) %>% select(-n)","lessTrans %>% mutate(timestamp = as_datetime(timestamp)) %>% filter(timestamp >= mdy('3/30/2020'), timestamp <= mdy('8/8/2021')) %>% count(pool) %>% mutate(freq = n / sum(n)) %>% select(-n)",date,lessTrans
20,What month of the year did the latest and earliest transactions take place?,"lessTrans %>% mutate(timestamp = as_datetime(timestamp)) %>% summarize(earliest = min(timestamp), latest = max(timestamp)) %>% summarize(earliest_month = month(earliest), latest_month = month(latest))","lessTrans %>% mutate(timestamp = as_datetime(timestamp)) %>% summarize(earliest = min(timestamp), latest = max(timestamp)) %>% summarize(earliest_month = month(earliest), latest_month = month(latest))","lessTrans %>% mutate(timestamp = as_datetime(timestamp)) %>% summarize(earliest = min(timestamp), latest = max(timestamp)) %>% summarize(earliest_month = month(earliest), latest_month = month(latest))",date,lessTrans
20,Can you determine the months in which the earliest and latest transactions were recorded?,"lessTrans %>% mutate(timestamp = as_datetime(timestamp)) %>% summarize(earliest = min(timestamp), latest = max(timestamp)) %>% summarize(earliest_month = month(earliest), latest_month = month(latest))","lessTrans %>% mutate(timestamp = as_datetime(timestamp)) %>% summarize(earliest = min(timestamp), latest = max(timestamp)) %>% summarize(earliest_month = month(earliest), latest_month = month(latest))","lessTrans %>% mutate(timestamp = as_datetime(timestamp)) %>% summarize(earliest = min(timestamp), latest = max(timestamp)) %>% summarize(earliest_month = month(earliest), latest_month = month(latest))",date,lessTrans
20,Identify the months during which the first and last transactions occurred.,"lessTrans %>% mutate(timestamp = as_datetime(timestamp)) %>% summarize(earliest = min(timestamp), latest = max(timestamp)) %>% summarize(earliest_month = month(earliest), latest_month = month(latest))","lessTrans %>% mutate(timestamp = as_datetime(timestamp)) %>% summarize(earliest = min(timestamp), latest = max(timestamp)) %>% summarize(earliest_month = month(earliest), latest_month = month(latest))","lessTrans %>% mutate(timestamp = as_datetime(timestamp)) %>% summarize(earliest = min(timestamp), latest = max(timestamp)) %>% summarize(earliest_month = month(earliest), latest_month = month(latest))",date,lessTrans
20,Provide the months that registered the initial and final transactions.,"lessTrans %>% mutate(timestamp = as_datetime(timestamp)) %>% summarize(earliest = min(timestamp), latest = max(timestamp)) %>% summarize(earliest_month = month(earliest), latest_month = month(latest))","lessTrans %>% mutate(timestamp = as_datetime(timestamp)) %>% summarize(earliest = min(timestamp), latest = max(timestamp)) %>% summarize(earliest_month = month(earliest), latest_month = month(latest))","lessTrans %>% mutate(timestamp = as_datetime(timestamp)) %>% summarize(earliest = min(timestamp), latest = max(timestamp)) %>% summarize(earliest_month = month(earliest), latest_month = month(latest))",date,lessTrans
20,What months captured the commencement and conclusion of transactions?,"lessTrans %>% mutate(timestamp = as_datetime(timestamp)) %>% summarize(earliest = min(timestamp), latest = max(timestamp)) %>% summarize(earliest_month = month(earliest), latest_month = month(latest))","lessTrans %>% mutate(timestamp = as_datetime(timestamp)) %>% summarize(earliest = min(timestamp), latest = max(timestamp)) %>% summarize(earliest_month = month(earliest), latest_month = month(latest))","lessTrans %>% mutate(timestamp = as_datetime(timestamp)) %>% summarize(earliest = min(timestamp), latest = max(timestamp)) %>% summarize(earliest_month = month(earliest), latest_month = month(latest))",date,lessTrans
21,What month and year did the latest and earliest transactions take place?,"lessTrans %>% mutate(timestamp = as_datetime(timestamp)) %>% summarize(earliest = min(timestamp), latest = max(timestamp))","lessTrans %>% mutate(timestamp = as_datetime(timestamp)) %>% summarize(earliest = min(timestamp), latest = max(timestamp))","lessTrans %>% mutate(timestamp = as_datetime(timestamp)) %>% summarize(earliest = min(timestamp), latest = max(timestamp))",date,lessTrans
21,Can you identify the month and year of the most recent and first transactions?,"lessTrans %>% mutate(timestamp = as_datetime(timestamp)) %>% summarize(earliest = min(timestamp), latest = max(timestamp))","lessTrans %>% mutate(timestamp = as_datetime(timestamp)) %>% summarize(earliest = min(timestamp), latest = max(timestamp))","lessTrans %>% mutate(timestamp = as_datetime(timestamp)) %>% summarize(earliest = min(timestamp), latest = max(timestamp))",date,lessTrans
21,Please report the timeframes corresponding to the newest and oldest transactions.,"lessTrans %>% mutate(timestamp = as_datetime(timestamp)) %>% summarize(earliest = min(timestamp), latest = max(timestamp))","lessTrans %>% mutate(timestamp = as_datetime(timestamp)) %>% summarize(earliest = min(timestamp), latest = max(timestamp))","lessTrans %>% mutate(timestamp = as_datetime(timestamp)) %>% summarize(earliest = min(timestamp), latest = max(timestamp))",date,lessTrans
21,I require the month and year details for the initial and final transactions.,"lessTrans %>% mutate(timestamp = as_datetime(timestamp)) %>% summarize(earliest = min(timestamp), latest = max(timestamp))","lessTrans %>% mutate(timestamp = as_datetime(timestamp)) %>% summarize(earliest = min(timestamp), latest = max(timestamp))","lessTrans %>% mutate(timestamp = as_datetime(timestamp)) %>% summarize(earliest = min(timestamp), latest = max(timestamp))",date,lessTrans
21,"Could you find out the dates of the first and last transactions? Specifically, their month and year?","lessTrans %>% mutate(timestamp = as_datetime(timestamp)) %>% summarize(earliest = min(timestamp), latest = max(timestamp))","lessTrans %>% mutate(timestamp = as_datetime(timestamp)) %>% summarize(earliest = min(timestamp), latest = max(timestamp))","lessTrans %>% mutate(timestamp = as_datetime(timestamp)) %>% summarize(earliest = min(timestamp), latest = max(timestamp))",date,lessTrans